,features,importance-mean,importance-std
0,age,0.04777907704879734,0.00023874576481381995
1,signup_method,0.016092544122746945,0.0002433294928357003
2,action_type_booking_request,0.003909893766694217,0.00022141166639320903
3,signup_flow,0.0009973865243405378,0.00016708456571565917
4,gender,0.0005693726946490063,0.00017150848784553975
5,action_detail_create_listing,0.00048594093278309103,0.00010128262629167249
6,action_type_message_post,0.00045553995400495764,0.0001489871346838012
7,first_affiliate_tracked_affiliate_channel_GB,0.00043707030826249936,0.00010529292289052776
8,action_detail_pending,0.0003905440122938364,4.48639387157778e-05
9,first_affiliate_tracked,0.0002895697165925526,7.671913830980688e-05
10,first_browser,0.00028025724629248127,0.00015098072371945795
11,first_device_type,0.00022181355451129648,2.990910411675022e-05
12,year_first_active,0.0002118203959543763,6.240646575333103e-05
13,weighted_feature,0.0002101822280872856,0.00029737118109147954
14,affiliate_channel,0.00020883557545550157,9.627827068717835e-05
15,year_account_created,0.00017128065559466333,0.00015454884842705535
16,action_languages_multiselect,0.00014812053959669668,1.0811371953598957e-05
17,action_ajax_refresh_subtotal,0.00014374532785115245,4.7729633944764586e-05
18,month_account_created,0.0001395970010861003,0.00016084115616895616
19,action_notifications,0.00012941068970500068,1.7191489507350543e-05
20,affiliate_provider,0.00010482278237127219,0.00010997213272161622
21,signup_app_NDF,0.00010465218208866034,1.7607702838753698e-05
22,first_affiliate_tracked_affiliate_channel_US,0.00010281395626872136,7.737185517304578e-05
23,action_detail_edit_profile,0.00010076850248967873,2.1985909112216748e-05
24,action_detail_cancellation_policies,9.60929992502635e-05,6.571053929075292e-05
25,action_type_click,9.589774280218676e-05,3.1348778444852245e-05
26,first_affiliate_tracked_AU,9.199276358466957e-05,9.58764852627276e-05
27,first_brows_device_type_signup_GB,9.173714591670379e-05,2.7062335989372015e-05
28,first_affiliate_tracked_affiliate_channel_other,8.976498228270291e-05,4.793761891538597e-05
29,action_detail_your_trips,8.737143856172303e-05,3.214926851897971e-05
30,action_requested,8.31011981736962e-05,4.965769716556907e-05
31,language_other,8.195606368450736e-05,3.600776869491717e-05
32,month_first_active,7.923594317031935e-05,0.00021111964965699978
33,first_brows_device_type_signup_AU,7.698418354744607e-05,6.985893281250817e-05
34,action_detail_change_trip_characteristics,7.671344243183053e-05,4.748529118782999e-05
35,age_affiliated_provider,7.614748449478182e-05,2.0096663300970463e-05
36,first_brows_device_type_signup_NL,7.474576220936057e-05,6.110204063595722e-05
37,action_identity,7.376660006224167e-05,4.325662480078187e-05
38,device_type_Windows Desktop,7.067431742506791e-05,5.698627297113897e-05
39,action_detail_unavailable_dates,7.05884755164421e-05,2.0557582220057833e-05
40,action_pending,6.643418402310086e-05,3.3855604542036514e-05
41,secs_elapsed_mean,6.418666664118611e-05,6.275468634030203e-05
42,language_age_group_FR,6.388164328876566e-05,2.104345480680906e-05
43,device_type_-unknown-,6.340561181383819e-05,3.0986693002511466e-05
44,action_detail_user_profile,6.290410812570535e-05,8.692978382865599e-05
45,action_type_count,6.215453115629988e-05,2.6444379490573005e-05
46,action_detail_p5,6.205309743472221e-05,3.4287432988408784e-05
47,action_kba_update,5.702778714120615e-05,9.483942672928143e-06
48,action_detail_wishlist_content_update,5.6219837220483626e-05,2.0873616681767915e-05
49,action_detail_change_contact_host_dates,5.589026263388419e-05,1.6550735044842557e-05
50,action_detail_guest_cancellation,4.790466460484755e-05,6.421643031247535e-06
51,action_detail_listing_reviews_page,4.623658120403995e-05,3.784818702148992e-05
52,action_detail_update_user,4.609825655756961e-05,1.7318868928657332e-05
53,action_complete_status,4.597033033226783e-05,4.4954764132827756e-05
54,action_detail_message_thread,4.529722719839313e-05,2.887169308276178e-05
55,action_type_partner_callback,4.460814604521079e-05,3.5083732667326354e-05
56,action_index,4.2374175857951e-05,2.4273380970650896e-05
57,language_age_group_GB,4.208353630792416e-05,1.3100019540926696e-05
58,action_confirm_email,4.207299329488379e-05,4.101355513578761e-05
59,first_brows_device_type_signup_IT,4.147424378764253e-05,2.0665394716198714e-05
60,secs_elapsed_median,3.967672962885693e-05,4.3231655277314255e-05
61,action_lookup,3.917234092243316e-05,3.925723902348168e-05
62,action_detail_view_search_results,3.8932959715842766e-05,6.156607272050838e-05
63,affiliate_channel_AU,3.812790803428001e-05,6.529201279795827e-05
64,action_detail_similar_listings,3.763372830780654e-05,2.9493591027059708e-05
65,action_detail_manage_listing,3.722845280478282e-05,6.197578553834882e-05
66,language_age_group_IT,3.591875125565913e-05,2.179632586127467e-05
67,first_brows_device_type_signup_ES,3.561814894472715e-05,2.4170420710707256e-05
68,language_age_group_other,3.3465468760351945e-05,1.5154566706669928e-05
69,action_qt2,3.340354501502052e-05,5.470847068020908e-05
70,device_type_Android Phone,3.340112741134771e-05,2.169786667386365e-05
71,first_brows_device_type_signup_other,3.282353293119211e-05,8.57758318990214e-06
72,age_first_browser,3.0938513645772936e-05,1.3755855182794794e-05
73,device_type_iPad Tablet,3.0777583271190956e-05,2.454460284034872e-05
74,first_brows_device_type_signup_FR,3.0266490314545534e-05,4.6037868087737564e-05
75,action_detail_update_listing,2.9449363710321032e-05,5.209842002531125e-05
76,action_detail_user_listings,2.856648946181206e-05,1.2819474920988944e-05
77,action_create,2.7765070226948296e-05,3.6879237297281126e-05
78,day_first_active,2.6860321926736042e-05,4.479868891537804e-05
79,action_detail_translate_listing_reviews,2.614948278474305e-05,1.1828003094240017e-05
80,action_recommend,2.420642969245268e-05,2.40826108257993e-05
81,first_affiliate_tracked_affiliate_channel_ES,2.4173258304438505e-05,4.9909038185056895e-05
82,affiliate_channel_DE,2.3284352920449615e-05,5.7306867443130086e-06
83,language,2.1916730970850118e-05,3.924896218916689e-05
84,action_header_userpic,2.168991417936805e-05,1.2094791829499988e-06
85,first_affiliate_tracked_affiliate_channel_AU,2.1071866909250225e-05,3.343119650418219e-05
86,first_brows_device_type_signup_PT,2.087555969374488e-05,1.674096922259357e-05
87,action_open_graph_setting,1.9768380117590745e-05,5.793809012548556e-06
88,first_affiliate_tracked_affiliate_channel_IT,1.9701878594013955e-05,2.0416661067479433e-05
89,action_payment_methods,1.9547123884033902e-05,2.2505038958258588e-05
90,action_detail_send_message,1.902199683372352e-05,1.2413720296426333e-05
91,action_available,1.9019337615411304e-05,2.14567066156044e-05
92,action_populate_from_facebook,1.8799757820509023e-05,4.539308221442582e-06
93,action_detail_header_userpic,1.8457241088043473e-05,8.507878017204535e-06
94,language_age_group_DE,1.8342234299417726e-05,6.256310561868318e-05
95,first_affiliate_tracked_affiliate_channel_CA,1.8198229869126335e-05,1.9954348290130276e-05
96,action_cancellation_policies,1.819811064327492e-05,1.748206503567351e-05
97,action_12,1.7906101600728696e-05,1.1148485452234339e-05
98,action_collections,1.754023164928231e-05,9.814505871325438e-06
99,action_ajax_lwlb_contact,1.7344246687844843e-05,2.6120243886978972e-05
100,action_detail_profile_verifications,1.727206538073567e-05,2.6541506803973007e-05
101,first_affiliate_tracked_affiliate_channel_FR,1.70068879858265e-05,3.619577454661976e-05
102,global_device,1.6999280660279225e-05,7.080342333151185e-06
103,action_ajax_google_translate_reviews,1.6824315685459724e-05,6.437182248773511e-06
104,action_reviews,1.4173946223272615e-05,6.592967965898469e-06
105,action_detail_create_phone_numbers,1.4152294746283545e-05,5.0729855441849025e-05
106,action_phone_verification_number_sucessfully_submitted,1.383224553854756e-05,4.235242945734673e-06
107,day_account_created,1.3502886631666656e-05,5.2962506980588437e-05
108,language_age_group_US,1.2928256367472634e-05,3.897620581277033e-05
109,action_delete,1.2891679283733027e-05,7.187136357008714e-06
110,language_age_group_CA,1.2572800575805231e-05,3.0539562883948884e-05
111,action_faq,1.1620172112514205e-05,1.1511899587680633e-05
112,action_type_-unknown-,1.1506612799383475e-05,5.542457866299462e-05
113,action_detail_account_privacy_settings,1.0579490896889254e-05,6.697918826424616e-06
114,action_travel_plans_current,1.0527381651170842e-05,1.2486636873256483e-05
115,action_image_order,1.0374184153882914e-05,8.470485891537333e-06
116,action_facebook_auto_login,1.014965625156794e-05,3.5462656624364964e-06
117,action_detail_message_inbox,1.008822838699519e-05,0.0
118,action_detail_p3,9.880726615030255e-06,2.1596986836176663e-05
119,action_other_hosting_reviews,9.675078071480492e-06,4.820175799803995e-06
120,action_personalize,9.524533466698237e-06,6.78449578055209e-06
121,first_affiliate_tracked_affiliate_channel_DE,9.233391140717195e-06,4.1958878692866434e-05
122,action_reviews_new,9.075967723659595e-06,3.618722171050731e-06
123,first_browser_CA,8.884202356251869e-06,1.1301736289447537e-05
124,action_other_hosting_reviews_first,8.543971349972423e-06,5.510337462798619e-05
125,action_update,8.384356066892806e-06,4.759766940124732e-05
126,action_detail_update_listing_description,8.365003030141871e-06,5.724195530476824e-06
127,first_device_type_NDF,7.493352739462722e-06,6.7979027558966645e-06
128,action_detail_signup_login_page,7.24089118375737e-06,1.1056203354887978e-05
129,action_edit,6.957349857694694e-06,1.9054071833970586e-05
130,first_affiliate_tracked_affiliate_channel_PT,6.677940591304221e-06,2.940968138605751e-05
131,action_detail_message_to_host_focus,6.673805368850871e-06,3.6916641359644997e-06
132,language_age_group_ES,6.637903042738813e-06,1.7893642671356697e-05
133,action_detail_account_notification_settings,6.463550518254202e-06,4.439305630187121e-06
134,action_signed_out_modal,6.216162621730526e-06,3.7174304436364295e-05
135,action_this_hosting_reviews,5.952084069638097e-06,1.3056266697767146e-05
136,action_status,5.5782364632994685e-06,0.0
137,action_qt_reply_v2,5.43701680304487e-06,9.462623598424062e-06
138,action_recommended_listings,5.387450712568409e-06,3.787232245229895e-05
139,signup_app,5.298211583637524e-06,5.772755988646988e-05
140,action_authenticate,5.2780108075412e-06,1.547378783502547e-05
141,first_affiliate_tracked_affiliate_channel_NDF,5.235097791711496e-06,3.728464683333541e-05
142,action_phone_verification_number_submitted_for_call,5.18709207695256e-06,6.916122769251576e-06
143,action_type_view,4.936899863849931e-06,2.87954808754097e-05
144,action_push_notification_callback,4.795947690516833e-06,1.2705728837349056e-05
145,action_detail_message_to_host_change,4.735254665311217e-06,3.8389280572643465e-06
146,action_similar_listings,4.669826618641792e-06,8.416162430312709e-06
147,action_detail_signup,4.37600925993209e-06,5.5913149387170396e-06
148,action_campaigns,4.080644177184567e-06,8.291564032360448e-06
149,signup_app_AU,3.4799480880476353e-06,7.14412218291124e-05
150,action_set_password,3.4580613846646457e-06,6.916122769329291e-06
151,action_detail_set_password_page,3.4580613846646457e-06,4.235242945825322e-06
152,affiliate_channel_GB,3.458061384620237e-06,1.40467117472037e-05
153,action_detail_post_checkout_action,3.3476481886562937e-06,3.199564462938033e-05
154,action_populate_help_dropdown,3.175374123598473e-06,4.66270926394109e-06
155,action_detail_set_password,3.044179392586166e-06,3.544393076286233e-06
156,action_detail_user_reviews,2.7917146741218702e-06,1.9259849832972877e-05
157,action_jumio,2.7421485836898187e-06,6.4953682912261e-07
158,affiliate_channel_NDF,2.68652605448505e-06,7.00647543730873e-06
159,action_detail_p1,2.642156011911645e-06,1.6226486300017884e-05
160,action_detail_delete_phone_numbers,2.445069045009518e-06,5.412344549834528e-06
161,action_ajax_google_translate_description,2.2260985375277543e-06,1.79974903546692e-05
162,action_detail_terms_and_privacy,2.0537991068714233e-06,3.3551479131569306e-06
163,action_type_submit,1.8326652620803684e-06,3.4605459194564675e-05
164,age_language,1.7433069071426387e-06,7.335983905241093e-06
165,action_unavailabilities,1.7290306923323228e-06,3.4580613846646457e-06
166,action_detail_apply_coupon_click,1.7290306923323228e-06,3.4580613846646457e-06
167,action_position,1.729030692287914e-06,3.458061384575828e-06
168,action_friends_new,1.729030692287914e-06,1.0081894791632294e-05
169,action_detail_translations,1.729030692287914e-06,3.458061384575828e-06
170,action_ajax_get_referrals_amt,1.6569717739001177e-06,1.0696013657231845e-05
171,action_tos_confirm,1.6238420726955027e-06,0.0
172,action_phone_verification_number_submitted_for_sms,1.6238420726955027e-06,0.0
173,action_detail_list_your_space,1.6070321912753372e-06,8.929866301072797e-06
174,action_detail_login,1.400258932759968e-06,1.5104484046005494e-05
175,action_account,1.3859922066261632e-06,1.2585566417109442e-05
176,action_complete_redirect,9.911119622785236e-07,4.035291354842486e-06
177,action_click,9.54961695565082e-07,3.0721090965658427e-06
178,first_affiliate_tracked_affiliate_channel_NL,8.212269722918109e-07,4.106134861459054e-07
179,language_DE,6.133833996502247e-07,1.2267667993004494e-06
180,language_age_group_PT,5.251238873515973e-07,7.863496130898851e-06
181,action_jumio_token,5.022638930318735e-07,6.953655869832873e-06
182,age_group,4.325845609054468e-07,3.2859712149687174e-05
183,action_social_connections,2.886149851333286e-07,1.5248835957304796e-06
184,action_settings,2.053067430285438e-07,4.106134860570876e-07
185,language_distance_km_GB,0.0,0.0
186,language_distance_km_ES,0.0,0.0
187,first_affiliate_tracked_lng_destination_IT,0.0,0.0
188,language_distance_km_FR,0.0,0.0
189,language_distance_km_DE,0.0,0.0
190,language_distance_km_CA,0.0,0.0
191,first_affiliate_tracked_language_levenshtein_distance_NL,0.0,0.0
192,language_distance_km_NL,0.0,0.0
193,language_distance_km_IT,0.0,0.0
194,language_destination_km2_US,0.0,0.0
195,first_affiliate_tracked_lng_destination_GB,0.0,0.0
196,affiliate_channel_lng_destination_GB,0.0,0.0
197,first_affiliate_tracked_lng_destination_FR,0.0,0.0
198,language_distance_km_PT,0.0,0.0
199,language_distance_km_US,0.0,0.0
200,language_lng_destination_AU,0.0,0.0
201,language_lng_destination_CA,0.0,0.0
202,language_lng_destination_DE,0.0,0.0
203,language_distance_km_AU,0.0,0.0
204,language_destination_km2_GB,0.0,0.0
205,first_affiliate_tracked_lng_destination_NL,0.0,0.0
206,language_destination_km2_PT,0.0,0.0
207,language_language_levenshtein_distance_AU,0.0,0.0
208,first_affiliate_tracked_lng_destination_US,0.0,0.0
209,affiliate_channel_destination_km2_GB,0.0,0.0
210,language_language_levenshtein_distance_CA,0.0,0.0
211,language_language_levenshtein_distance_DE,0.0,0.0
212,language_language_levenshtein_distance_ES,0.0,0.0
213,language_language_levenshtein_distance_FR,0.0,0.0
214,language_language_levenshtein_distance_GB,0.0,0.0
215,language_language_levenshtein_distance_IT,0.0,0.0
216,language_language_levenshtein_distance_NL,0.0,0.0
217,first_affiliate_tracked_lng_destination_PT,0.0,0.0
218,language_language_levenshtein_distance_PT,0.0,0.0
219,language_language_levenshtein_distance_US,0.0,0.0
220,language_destination_km2_AU,0.0,0.0
221,language_destination_km2_CA,0.0,0.0
222,language_destination_km2_DE,0.0,0.0
223,language_destination_km2_ES,0.0,0.0
224,language_destination_km2_FR,0.0,0.0
225,language_lng_destination_FR,0.0,0.0
226,language_destination_km2_IT,0.0,0.0
227,language_destination_km2_NL,0.0,0.0
228,language_lng_destination_ES,0.0,0.0
229,first_affiliate_tracked_lng_destination_CA,0.0,0.0
230,language_lng_destination_GB,0.0,0.0
231,first_browser_language_levenshtein_distance_FR,0.0,0.0
232,first_browser_population_in_thousands_IT,0.0,0.0
233,first_browser_population_in_thousands_NL,0.0,0.0
234,first_browser_population_in_thousands_US,0.0,0.0
235,first_browser_language_levenshtein_distance_AU,0.0,0.0
236,first_browser_language_levenshtein_distance_CA,0.0,0.0
237,first_affiliate_tracked_distance_km_PT,0.0,0.0
238,first_affiliate_tracked_distance_km_NL,0.0,0.0
239,first_browser_language_levenshtein_distance_DE,0.0,0.0
240,first_affiliate_tracked_distance_km_IT,0.0,0.0
241,first_browser_language_levenshtein_distance_ES,0.0,0.0
242,first_browser_language_levenshtein_distance_GB,0.0,0.0
243,affiliate_channel_destination_km2_NL,0.0,0.0
244,first_affiliate_tracked_distance_km_GB,0.0,0.0
245,first_browser_language_levenshtein_distance_IT,0.0,0.0
246,first_browser_language_levenshtein_distance_NL,0.0,0.0
247,first_browser_language_levenshtein_distance_PT,0.0,0.0
248,first_browser_language_levenshtein_distance_US,0.0,0.0
249,first_browser_destination_km2_AU,0.0,0.0
250,first_browser_destination_km2_CA,0.0,0.0
251,first_browser_destination_km2_DE,0.0,0.0
252,first_browser_destination_km2_ES,0.0,0.0
253,first_browser_destination_km2_FR,0.0,0.0
254,first_browser_population_in_thousands_GB,0.0,0.0
255,first_browser_population_in_thousands_FR,0.0,0.0
256,first_affiliate_tracked_lng_destination_ES,0.0,0.0
257,affiliate_channel_destination_km2_IT,0.0,0.0
258,first_affiliate_tracked_lng_destination_DE,0.0,0.0
259,language_lng_destination_IT,0.0,0.0
260,language_lng_destination_NL,0.0,0.0
261,language_lng_destination_PT,0.0,0.0
262,language_lng_destination_US,0.0,0.0
263,language_lat_destination_AU,0.0,0.0
264,language_lat_destination_CA,0.0,0.0
265,language_lat_destination_DE,0.0,0.0
266,language_lat_destination_ES,0.0,0.0
267,first_affiliate_tracked_lng_destination_AU,0.0,0.0
268,language_lat_destination_FR,0.0,0.0
269,first_browser_population_in_thousands_ES,0.0,0.0
270,language_lat_destination_GB,0.0,0.0
271,language_lat_destination_IT,0.0,0.0
272,language_lat_destination_NL,0.0,0.0
273,language_lat_destination_PT,0.0,0.0
274,first_affiliate_tracked_distance_km_US,0.0,0.0
275,language_lat_destination_US,0.0,0.0
276,affiliate_channel_lng_destination_FR,0.0,0.0
277,first_browser_population_in_thousands_AU,0.0,0.0
278,first_browser_population_in_thousands_CA,0.0,0.0
279,first_browser_population_in_thousands_DE,0.0,0.0
280,language_population_in_thousands_US,0.0,0.0
281,affiliate_channel_destination_km2_FR,0.0,0.0
282,language_population_in_thousands_PT,0.0,0.0
283,signup_app_DE,0.0,0.0
284,signup_app_ES,0.0,0.0
285,signup_app_FR,0.0,0.0
286,signup_app_GB,0.0,0.0
287,signup_app_IT,0.0,0.0
288,affiliate_channel_language_levenshtein_distance_ES,0.0,0.0
289,signup_app_NL,0.0,0.0
290,signup_app_PT,0.0,0.0
291,signup_app_US,0.0,0.0
292,signup_app_other,0.0,0.0
293,affiliate_channel_lat_destination_NL,0.0,0.0
294,first_affiliate_tracked_DE,0.0,0.0
295,first_affiliate_tracked_ES,0.0,0.0
296,first_affiliate_tracked_FR,0.0,0.0
297,first_affiliate_tracked_GB,0.0,0.0
298,first_affiliate_tracked_IT,0.0,0.0
299,first_affiliate_tracked_NDF,0.0,0.0
300,first_affiliate_tracked_NL,0.0,0.0
301,first_affiliate_tracked_US,0.0,0.0
302,first_affiliate_tracked_other,0.0,0.0
303,affiliate_channel_lat_destination_IT,0.0,0.0
304,affiliate_channel_language_levenshtein_distance_DE,0.0,0.0
305,affiliate_channel_lat_destination_PT,0.0,0.0
306,affiliate_channel_language_levenshtein_distance_FR,0.0,0.0
307,affiliate_channel_ES,0.0,0.0
308,signup_app_CA,0.0,0.0
309,first_browser_FR,0.0,0.0
310,affiliate_channel_language_levenshtein_distance_NL,0.0,0.0
311,first_browser_GB,0.0,0.0
312,first_browser_IT,0.0,0.0
313,first_browser_NL,0.0,0.0
314,first_browser_PT,0.0,0.0
315,first_browser_US,0.0,0.0
316,first_browser_other,0.0,0.0
317,first_device_type_CA,0.0,0.0
318,first_device_type_DE,0.0,0.0
319,first_device_type_ES,0.0,0.0
320,first_device_type_FR,0.0,0.0
321,first_device_type_GB,0.0,0.0
322,first_device_type_IT,0.0,0.0
323,affiliate_channel_destination_km2_AU,0.0,0.0
324,affiliate_channel_language_levenshtein_distance_IT,0.0,0.0
325,first_device_type_NL,0.0,0.0
326,first_device_type_PT,0.0,0.0
327,first_device_type_US,0.0,0.0
328,first_device_type_other,0.0,0.0
329,affiliate_channel_language_levenshtein_distance_GB,0.0,0.0
330,affiliate_channel_language_levenshtein_distance_CA,0.0,0.0
331,affiliate_channel_FR,0.0,0.0
332,language_population_in_thousands_NL,0.0,0.0
333,affiliate_channel_lng_destination_PT,0.0,0.0
334,first_affiliate_tracked_lat_destination_US,0.0,0.0
335,affiliate_channel_lng_destination_NL,0.0,0.0
336,first_affiliate_tracked_lat_destination_PT,0.0,0.0
337,first_affiliate_tracked_lat_destination_NL,0.0,0.0
338,first_affiliate_tracked_lat_destination_IT,0.0,0.0
339,first_affiliate_tracked_lat_destination_GB,0.0,0.0
340,first_affiliate_tracked_lat_destination_FR,0.0,0.0
341,first_affiliate_tracked_lat_destination_ES,0.0,0.0
342,affiliate_channel_destination_km2_ES,0.0,0.0
343,first_affiliate_tracked_lat_destination_DE,0.0,0.0
344,first_affiliate_tracked_lat_destination_CA,0.0,0.0
345,first_affiliate_tracked_lat_destination_AU,0.0,0.0
346,affiliate_channel_lng_destination_IT,0.0,0.0
347,language_population_in_thousands_AU,0.0,0.0
348,language_population_in_thousands_CA,0.0,0.0
349,language_population_in_thousands_DE,0.0,0.0
350,language_population_in_thousands_ES,0.0,0.0
351,first_browser_destination_km2_IT,0.0,0.0
352,language_population_in_thousands_FR,0.0,0.0
353,language_population_in_thousands_GB,0.0,0.0
354,language_population_in_thousands_IT,0.0,0.0
355,affiliate_channel_population_in_thousands_AU,0.0,0.0
356,affiliate_channel_lng_destination_US,0.0,0.0
357,affiliate_channel_language_levenshtein_distance_AU,0.0,0.0
358,affiliate_channel_population_in_thousands_CA,0.0,0.0
359,affiliate_channel_destination_km2_CA,0.0,0.0
360,affiliate_channel_IT,0.0,0.0
361,affiliate_channel_population_in_thousands_US,0.0,0.0
362,affiliate_channel_population_in_thousands_PT,0.0,0.0
363,affiliate_channel_NL,0.0,0.0
364,affiliate_channel_PT,0.0,0.0
365,affiliate_channel_US,0.0,0.0
366,affiliate_channel_other,0.0,0.0
367,affiliate_channel_population_in_thousands_NL,0.0,0.0
368,affiliate_channel_population_in_thousands_IT,0.0,0.0
369,affiliate_channel_destination_km2_DE,0.0,0.0
370,affiliate_channel_lat_destination_GB,0.0,0.0
371,affiliate_channel_lat_destination_FR,0.0,0.0
372,affiliate_channel_population_in_thousands_GB,0.0,0.0
373,affiliate_channel_population_in_thousands_FR,0.0,0.0
374,affiliate_channel_population_in_thousands_ES,0.0,0.0
375,affiliate_channel_population_in_thousands_DE,0.0,0.0
376,affiliate_channel_lat_destination_ES,0.0,0.0
377,affiliate_channel_lat_destination_DE,0.0,0.0
378,affiliate_channel_lat_destination_CA,0.0,0.0
379,affiliate_channel_lat_destination_AU,0.0,0.0
380,first_browser_destination_km2_GB,0.0,0.0
381,first_browser_destination_km2_US,0.0,0.0
382,first_browser_destination_km2_NL,0.0,0.0
383,signup_app_destination_km2_IT,0.0,0.0
384,signup_app_language_levenshtein_distance_NL,0.0,0.0
385,signup_app_language_levenshtein_distance_PT,0.0,0.0
386,signup_app_language_levenshtein_distance_US,0.0,0.0
387,signup_app_destination_km2_AU,0.0,0.0
388,signup_app_destination_km2_CA,0.0,0.0
389,signup_app_destination_km2_DE,0.0,0.0
390,affiliate_channel_distance_km_NL,0.0,0.0
391,signup_app_destination_km2_ES,0.0,0.0
392,signup_app_destination_km2_FR,0.0,0.0
393,signup_app_destination_km2_GB,0.0,0.0
394,signup_app_destination_km2_NL,0.0,0.0
395,signup_app_language_levenshtein_distance_GB,0.0,0.0
396,signup_app_destination_km2_PT,0.0,0.0
397,signup_app_destination_km2_US,0.0,0.0
398,signup_app_distance_km_AU,0.0,0.0
399,affiliate_channel_destination_km2_PT,0.0,0.0
400,signup_app_distance_km_CA,0.0,0.0
401,signup_app_distance_km_DE,0.0,0.0
402,first_affiliate_tracked_destination_km2_CA,0.0,0.0
403,first_affiliate_tracked_destination_km2_AU,0.0,0.0
404,signup_app_distance_km_ES,0.0,0.0
405,signup_app_distance_km_FR,0.0,0.0
406,signup_app_language_levenshtein_distance_IT,0.0,0.0
407,signup_app_language_levenshtein_distance_FR,0.0,0.0
408,first_device_type_lat_destination_ES,0.0,0.0
409,signup_app_population_in_thousands_ES,0.0,0.0
410,first_device_type_lat_destination_GB,0.0,0.0
411,first_device_type_lat_destination_IT,0.0,0.0
412,first_device_type_lat_destination_NL,0.0,0.0
413,first_device_type_lat_destination_PT,0.0,0.0
414,first_affiliate_tracked_destination_km2_GB,0.0,0.0
415,first_device_type_lat_destination_US,0.0,0.0
416,first_affiliate_tracked_destination_km2_FR,0.0,0.0
417,signup_app_population_in_thousands_AU,0.0,0.0
418,signup_app_population_in_thousands_CA,0.0,0.0
419,signup_app_population_in_thousands_DE,0.0,0.0
420,signup_app_population_in_thousands_FR,0.0,0.0
421,signup_app_language_levenshtein_distance_ES,0.0,0.0
422,signup_app_population_in_thousands_GB,0.0,0.0
423,signup_app_population_in_thousands_IT,0.0,0.0
424,signup_app_population_in_thousands_NL,0.0,0.0
425,first_affiliate_tracked_destination_km2_ES,0.0,0.0
426,signup_app_population_in_thousands_PT,0.0,0.0
427,first_affiliate_tracked_destination_km2_DE,0.0,0.0
428,signup_app_population_in_thousands_US,0.0,0.0
429,signup_app_language_levenshtein_distance_AU,0.0,0.0
430,signup_app_language_levenshtein_distance_CA,0.0,0.0
431,signup_app_language_levenshtein_distance_DE,0.0,0.0
432,signup_app_distance_km_GB,0.0,0.0
433,signup_app_distance_km_IT,0.0,0.0
434,signup_app_distance_km_NL,0.0,0.0
435,first_affiliate_tracked_language_levenshtein_distance_AU,0.0,0.0
436,first_affiliate_tracked_population_in_thousands_CA,0.0,0.0
437,first_affiliate_tracked_population_in_thousands_DE,0.0,0.0
438,affiliate_channel_distance_km_FR,0.0,0.0
439,first_affiliate_tracked_population_in_thousands_ES,0.0,0.0
440,first_affiliate_tracked_population_in_thousands_FR,0.0,0.0
441,first_affiliate_tracked_population_in_thousands_GB,0.0,0.0
442,first_affiliate_tracked_population_in_thousands_IT,0.0,0.0
443,first_affiliate_tracked_population_in_thousands_NL,0.0,0.0
444,first_affiliate_tracked_population_in_thousands_PT,0.0,0.0
445,first_affiliate_tracked_population_in_thousands_US,0.0,0.0
446,first_affiliate_tracked_language_levenshtein_distance_CA,0.0,0.0
447,signup_app_distance_km_PT,0.0,0.0
448,first_affiliate_tracked_language_levenshtein_distance_DE,0.0,0.0
449,first_affiliate_tracked_language_levenshtein_distance_PT,0.0,0.0
450,first_affiliate_tracked_language_levenshtein_distance_ES,0.0,0.0
451,affiliate_channel_distance_km_ES,0.0,0.0
452,affiliate_channel_distance_km_DE,0.0,0.0
453,first_affiliate_tracked_language_levenshtein_distance_FR,0.0,0.0
454,first_affiliate_tracked_language_levenshtein_distance_GB,0.0,0.0
455,first_affiliate_tracked_language_levenshtein_distance_IT,0.0,0.0
456,affiliate_channel_distance_km_CA,0.0,0.0
457,affiliate_channel_distance_km_AU,0.0,0.0
458,first_affiliate_tracked_population_in_thousands_AU,0.0,0.0
459,affiliate_channel_distance_km_GB,0.0,0.0
460,signup_app_lat_destination_US,0.0,0.0
461,signup_app_lat_destination_PT,0.0,0.0
462,signup_app_distance_km_US,0.0,0.0
463,signup_app_lng_destination_AU,0.0,0.0
464,signup_app_lng_destination_CA,0.0,0.0
465,signup_app_lng_destination_DE,0.0,0.0
466,signup_app_lng_destination_ES,0.0,0.0
467,signup_app_lng_destination_FR,0.0,0.0
468,signup_app_lng_destination_GB,0.0,0.0
469,signup_app_lng_destination_IT,0.0,0.0
470,signup_app_lng_destination_NL,0.0,0.0
471,signup_app_lng_destination_PT,0.0,0.0
472,signup_app_lng_destination_US,0.0,0.0
473,signup_app_lat_destination_AU,0.0,0.0
474,signup_app_lat_destination_CA,0.0,0.0
475,signup_app_lat_destination_DE,0.0,0.0
476,signup_app_lat_destination_ES,0.0,0.0
477,signup_app_lat_destination_FR,0.0,0.0
478,first_affiliate_tracked_language_levenshtein_distance_US,0.0,0.0
479,signup_app_lat_destination_GB,0.0,0.0
480,signup_app_lat_destination_IT,0.0,0.0
481,affiliate_channel_distance_km_IT,0.0,0.0
482,signup_app_lat_destination_NL,0.0,0.0
483,first_device_type_lat_destination_FR,0.0,0.0
484,first_device_type_lat_destination_DE,0.0,0.0
485,first_browser_destination_km2_PT,0.0,0.0
486,first_affiliate_tracked_distance_km_DE,0.0,0.0
487,affiliate_channel_distance_km_US,0.0,0.0
488,first_browser_lng_destination_US,0.0,0.0
489,first_browser_lat_destination_AU,0.0,0.0
490,first_browser_lat_destination_CA,0.0,0.0
491,first_browser_lat_destination_DE,0.0,0.0
492,first_browser_lat_destination_ES,0.0,0.0
493,first_browser_lat_destination_FR,0.0,0.0
494,first_browser_lat_destination_GB,0.0,0.0
495,first_browser_lat_destination_IT,0.0,0.0
496,first_browser_lat_destination_NL,0.0,0.0
497,first_browser_lat_destination_PT,0.0,0.0
498,first_browser_lng_destination_PT,0.0,0.0
499,first_browser_lat_destination_US,0.0,0.0
500,first_device_type_population_in_thousands_AU,0.0,0.0
501,first_device_type_population_in_thousands_CA,0.0,0.0
502,first_device_type_population_in_thousands_DE,0.0,0.0
503,first_device_type_population_in_thousands_ES,0.0,0.0
504,first_device_type_population_in_thousands_FR,0.0,0.0
505,first_device_type_population_in_thousands_GB,0.0,0.0
506,affiliate_channel_language_levenshtein_distance_PT,0.0,0.0
507,first_device_type_population_in_thousands_IT,0.0,0.0
508,first_device_type_population_in_thousands_NL,0.0,0.0
509,first_affiliate_tracked_distance_km_ES,0.0,0.0
510,affiliate_channel_lng_destination_AU,0.0,0.0
511,first_device_type_lat_destination_CA,0.0,0.0
512,first_browser_distance_km_PT,0.0,0.0
513,affiliate_channel_destination_km2_US,0.0,0.0
514,first_browser_distance_km_AU,0.0,0.0
515,first_browser_distance_km_CA,0.0,0.0
516,first_browser_distance_km_DE,0.0,0.0
517,affiliate_channel_lng_destination_ES,0.0,0.0
518,first_browser_distance_km_ES,0.0,0.0
519,first_browser_distance_km_FR,0.0,0.0
520,first_browser_distance_km_GB,0.0,0.0
521,first_browser_distance_km_IT,0.0,0.0
522,first_browser_distance_km_NL,0.0,0.0
523,first_browser_distance_km_US,0.0,0.0
524,first_browser_lng_destination_NL,0.0,0.0
525,first_browser_lng_destination_AU,0.0,0.0
526,first_browser_lng_destination_CA,0.0,0.0
527,first_browser_lng_destination_DE,0.0,0.0
528,affiliate_channel_lng_destination_DE,0.0,0.0
529,affiliate_channel_lng_destination_CA,0.0,0.0
530,first_browser_lng_destination_ES,0.0,0.0
531,first_browser_lng_destination_FR,0.0,0.0
532,first_affiliate_tracked_distance_km_FR,0.0,0.0
533,first_browser_lng_destination_GB,0.0,0.0
534,first_browser_lng_destination_IT,0.0,0.0
535,first_device_type_population_in_thousands_PT,0.0,0.0
536,first_device_type_population_in_thousands_US,0.0,0.0
537,first_device_type_language_levenshtein_distance_AU,0.0,0.0
538,first_device_type_lng_destination_DE,0.0,0.0
539,first_device_type_distance_km_ES,0.0,0.0
540,first_device_type_distance_km_FR,0.0,0.0
541,first_device_type_distance_km_GB,0.0,0.0
542,first_device_type_distance_km_IT,0.0,0.0
543,first_device_type_distance_km_NL,0.0,0.0
544,first_device_type_distance_km_PT,0.0,0.0
545,first_device_type_distance_km_US,0.0,0.0
546,first_browser_ES,0.0,0.0
547,first_device_type_lng_destination_AU,0.0,0.0
548,first_device_type_lng_destination_CA,0.0,0.0
549,first_device_type_lng_destination_ES,0.0,0.0
550,first_device_type_language_levenshtein_distance_CA,0.0,0.0
551,first_device_type_lng_destination_FR,0.0,0.0
552,first_device_type_lng_destination_GB,0.0,0.0
553,first_device_type_lng_destination_IT,0.0,0.0
554,affiliate_channel_distance_km_PT,0.0,0.0
555,first_device_type_lng_destination_NL,0.0,0.0
556,first_affiliate_tracked_destination_km2_NL,0.0,0.0
557,first_device_type_lng_destination_PT,0.0,0.0
558,first_affiliate_tracked_destination_km2_IT,0.0,0.0
559,first_device_type_lng_destination_US,0.0,0.0
560,first_device_type_lat_destination_AU,0.0,0.0
561,first_device_type_distance_km_DE,0.0,0.0
562,first_device_type_distance_km_CA,0.0,0.0
563,first_device_type_distance_km_AU,0.0,0.0
564,first_device_type_destination_km2_US,0.0,0.0
565,first_device_type_language_levenshtein_distance_DE,0.0,0.0
566,first_affiliate_tracked_distance_km_CA,0.0,0.0
567,first_affiliate_tracked_distance_km_AU,0.0,0.0
568,first_device_type_language_levenshtein_distance_ES,0.0,0.0
569,first_device_type_language_levenshtein_distance_FR,0.0,0.0
570,first_device_type_language_levenshtein_distance_GB,0.0,0.0
571,first_device_type_language_levenshtein_distance_IT,0.0,0.0
572,first_device_type_language_levenshtein_distance_NL,0.0,0.0
573,first_device_type_language_levenshtein_distance_PT,0.0,0.0
574,first_device_type_language_levenshtein_distance_US,0.0,0.0
575,first_device_type_destination_km2_AU,0.0,0.0
576,first_device_type_destination_km2_CA,0.0,0.0
577,first_affiliate_tracked_destination_km2_US,0.0,0.0
578,first_device_type_destination_km2_DE,0.0,0.0
579,first_device_type_destination_km2_ES,0.0,0.0
580,first_device_type_destination_km2_FR,0.0,0.0
581,first_device_type_destination_km2_GB,0.0,0.0
582,first_device_type_destination_km2_IT,0.0,0.0
583,first_device_type_destination_km2_NL,0.0,0.0
584,first_device_type_destination_km2_PT,0.0,0.0
585,first_affiliate_tracked_destination_km2_PT,0.0,0.0
586,affiliate_channel_language_levenshtein_distance_US,0.0,0.0
587,action_toggle_availability,0.0,0.0
588,first_browser_DE,0.0,0.0
589,action_badge,0.0,0.0
590,action_book,0.0,0.0
591,action_booking,0.0,0.0
592,action_braintree_client_token,0.0,0.0
593,action_business_travel,0.0,0.0
594,action_callback,0.0,0.0
595,action_cancel,0.0,0.0
596,action_cancellation_policy_click,0.0,0.0
597,action_change,0.0,0.0
598,action_change_availability,0.0,0.0
599,action_change_default_payout,0.0,0.0
600,action_change_password,0.0,0.0
601,action_check,0.0,0.0
602,action_city_count,0.0,0.0
603,action_clear_reservation,0.0,0.0
604,action_clickthrough,0.0,0.0
605,action_complete,0.0,0.0
606,action_concierge,0.0,0.0
607,action_confirmation,0.0,0.0
608,action_connect,0.0,0.0
609,action_contact_new,0.0,0.0
610,action_countries,0.0,0.0
611,action_become_user,0.0,0.0
612,action_authorize,0.0,0.0
613,action_agree_terms_uncheck,0.0,0.0
614,action_at_checkpoint,0.0,0.0
615,action_airbrb,0.0,0.0
616,action_ajax_check_dates,0.0,0.0
617,action_ajax_get_results,0.0,0.0
618,action_ajax_ldp,0.0,0.0
619,action_ajax_payout_edit,0.0,0.0
620,action_ajax_payout_options_by_country,0.0,0.0
621,action_ajax_payout_split_edit,0.0,0.0
622,action_ajax_photo_widget,0.0,0.0
623,action_ajax_price_and_availability,0.0,0.0
624,action_ajax_send_message,0.0,0.0
625,action_ajax_special_offer_dates_available,0.0,0.0
626,action_ajax_statsd,0.0,0.0
627,action_ajax_worth,0.0,0.0
628,action_apply,0.0,0.0
629,action_apply_code,0.0,0.0
630,action_apply_coupon_click,0.0,0.0
631,action_apply_coupon_click_success,0.0,0.0
632,action_apply_coupon_error,0.0,0.0
633,action_apply_coupon_error_type,0.0,0.0
634,action_apply_reservation,0.0,0.0
635,action_approve,0.0,0.0
636,action_country_options,0.0,0.0
637,action_coupon_code_click,0.0,0.0
638,action_coupon_field_focus,0.0,0.0
639,action_create_ach,0.0,0.0
640,action_founders,0.0,0.0
641,action_friend_listing,0.0,0.0
642,action_friends,0.0,0.0
643,action_glob,0.0,0.0
644,action_google_importer,0.0,0.0
645,action_guarantee,0.0,0.0
646,action_guest_billing_receipt,0.0,0.0
647,action_guest_booked_elsewhere,0.0,0.0
648,action_handle_vanity_url,0.0,0.0
649,action_hard_fallback_submit,0.0,0.0
650,action_has_profile_pic,0.0,0.0
651,action_home_safety_landing,0.0,0.0
652,action_home_safety_terms,0.0,0.0
653,action_hospitality,0.0,0.0
654,action_hospitality_standards,0.0,0.0
655,action_host_2013,0.0,0.0
656,action_host_cancel,0.0,0.0
657,action_host_summary,0.0,0.0
658,action_hosting_social_proof,0.0,0.0
659,action_how_it_works,0.0,0.0
660,action_impressions,0.0,0.0
661,action_forgot_password,0.0,0.0
662,action_feed,0.0,0.0
663,action_faq_experiment_ids,0.0,0.0
664,action_departments,0.0,0.0
665,action_create_airbnb,0.0,0.0
666,action_create_paypal,0.0,0.0
667,action_currencies,0.0,0.0
668,action_custom_recommended_destinations,0.0,0.0
669,action_deactivate,0.0,0.0
670,action_deactivated,0.0,0.0
671,action_deauthorize,0.0,0.0
672,action_decision_tree,0.0,0.0
673,action_department,0.0,0.0
674,action_desks,0.0,0.0
675,action_envoy_form,0.0,0.0
676,action_destroy,0.0,0.0
677,action_detect_fb_session,0.0,0.0
678,action_disaster_action,0.0,0.0
679,action_domains,0.0,0.0
680,action_email_by_key,0.0,0.0
681,action_email_itinerary_colorbox,0.0,0.0
682,action_email_share,0.0,0.0
683,action_email_wishlist,0.0,0.0
684,action_envoy_bank_details_redirect,0.0,0.0
685,action_airbnb_picks,0.0,0.0
686,action_add_note,0.0,0.0
687,action_issue,0.0,0.0
688,action_detail_confirm_email,0.0,0.0
689,action_detail_coupon_field_focus,0.0,0.0
690,action_detail_create_alteration_request,0.0,0.0
691,action_detail_create_payment_instrument,0.0,0.0
692,action_detail_deactivate_user_account,0.0,0.0
693,action_detail_delete_listing,0.0,0.0
694,action_detail_delete_listing_description,0.0,0.0
695,action_detail_delete_payment_instrument,0.0,0.0
696,action_detail_email_wishlist,0.0,0.0
697,action_detail_email_wishlist_button,0.0,0.0
698,action_detail_forgot_password,0.0,0.0
699,action_detail_friends_wishlists,0.0,0.0
700,action_detail_guest_receipt,0.0,0.0
701,action_detail_homepage,0.0,0.0
702,action_detail_host_guarantee,0.0,0.0
703,action_detail_host_home,0.0,0.0
704,action_detail_host_refund_guest,0.0,0.0
705,action_detail_host_respond,0.0,0.0
706,action_detail_host_respond_page,0.0,0.0
707,action_detail_host_standard_suspension,0.0,0.0
708,action_detail_listing_descriptions,0.0,0.0
709,action_detail_message_post,0.0,0.0
710,action_detail_coupon_code_click,0.0,0.0
711,action_detail_complete_booking,0.0,0.0
712,action_add_guests,0.0,0.0
713,action_detail_click_reviews,0.0,0.0
714,action_detail_count,0.0,0.0
715,action_type_booking_response,0.0,0.0
716,action_type_modify,0.0,0.0
717,action_detail_-unknown-,0.0,0.0
718,action_detail_account_payment_methods,0.0,0.0
719,action_detail_account_payout_preferences,0.0,0.0
720,action_detail_account_transaction_history,0.0,0.0
721,action_detail_admin_templates,0.0,0.0
722,action_detail_airbnb_picks_wishlists,0.0,0.0
723,action_detail_alteration_field,0.0,0.0
724,action_detail_alteration_request,0.0,0.0
725,action_detail_apply_coupon_click_success,0.0,0.0
726,action_detail_apply_coupon_error,0.0,0.0
727,action_detail_booking,0.0,0.0
728,action_detail_calculate_worth,0.0,0.0
729,action_detail_cancellation_policy,0.0,0.0
730,action_detail_cancellation_policy_click,0.0,0.0
731,action_detail_change_availability,0.0,0.0
732,action_detail_change_password,0.0,0.0
733,action_detail_click_about_host,0.0,0.0
734,action_detail_click_amenities,0.0,0.0
735,action_detail_modify_reservations,0.0,0.0
736,action_detail_modify_users,0.0,0.0
737,action_detail_move_map,0.0,0.0
738,action_detail_oauth_response,0.0,0.0
739,action_detail_view_locations,0.0,0.0
740,action_detail_view_reservations,0.0,0.0
741,action_detail_view_resolutions,0.0,0.0
742,action_detail_view_security_checks,0.0,0.0
743,action_detail_view_user_real_names,0.0,0.0
744,action_detail_wishlist_note,0.0,0.0
745,action_detail_your_reservations,0.0,0.0
746,action_10,0.0,0.0
747,action_11,0.0,0.0
748,action_15,0.0,0.0
749,action_about_us,0.0,0.0
750,action_accept_decline,0.0,0.0
751,action_acculynk_bin_check_failed,0.0,0.0
752,action_acculynk_bin_check_success,0.0,0.0
753,action_acculynk_load_pin_pad,0.0,0.0
754,action_acculynk_pin_pad_error,0.0,0.0
755,action_acculynk_pin_pad_inactive,0.0,0.0
756,action_acculynk_pin_pad_success,0.0,0.0
757,action_acculynk_session_obtained,0.0,0.0
758,action_add_business_address_colorbox,0.0,0.0
759,action_add_guest_colorbox,0.0,0.0
760,action_detail_view_listing,0.0,0.0
761,action_detail_view_identity_verifications,0.0,0.0
762,action_detail_view_ghostings,0.0,0.0
763,action_detail_respond_to_alteration_request,0.0,0.0
764,action_detail_p4_refund_policy_terms,0.0,0.0
765,action_detail_p4_terms,0.0,0.0
766,action_detail_phone_numbers,0.0,0.0
767,action_detail_phone_verification_success,0.0,0.0
768,action_detail_photos,0.0,0.0
769,action_detail_place_worth,0.0,0.0
770,action_detail_previous_trips,0.0,0.0
771,action_detail_profile_reviews,0.0,0.0
772,action_detail_remove_dashboard_alert,0.0,0.0
773,action_detail_set_default_payment_instrument,0.0,0.0
774,action_detail_view_ghosting_reasons,0.0,0.0
775,action_detail_share,0.0,0.0
776,action_detail_signup_modal,0.0,0.0
777,action_detail_special_offer_field,0.0,0.0
778,action_detail_toggle_starred_thread,0.0,0.0
779,action_detail_tos_2014,0.0,0.0
780,action_detail_trip_availability,0.0,0.0
781,action_detail_user_friend_recommendations,0.0,0.0
782,action_detail_user_languages,0.0,0.0
783,action_detail_user_tax_forms,0.0,0.0
784,action_invalid_action,0.0,0.0
785,action_events,0.0,0.0
786,affiliate_channel_lat_destination_US,0.0,0.0
787,action_views,0.0,0.0
788,action_views_campaign_rules,0.0,0.0
789,action_reset_calendar,0.0,0.0
790,action_respond,0.0,0.0
791,action_rest-of-world,0.0,0.0
792,action_revert_to_admin,0.0,0.0
793,action_review_page,0.0,0.0
794,action_views_campaign,0.0,0.0
795,action_view,0.0,0.0
796,action_webcam_upload,0.0,0.0
797,action_sandy,0.0,0.0
798,action_satisfy,0.0,0.0
799,action_use_mobile_site,0.0,0.0
800,action_uptodate,0.0,0.0
801,action_set_default,0.0,0.0
802,action_set_minimum_payout_amount,0.0,0.0
803,action_upload,0.0,0.0
804,action_reservation,0.0,0.0
805,action_weibo_signup_referral_finish,0.0,0.0
806,action_update_reservation_requirements,0.0,0.0
807,action_why_host,0.0,0.0
808,action_receipt,0.0,0.0
809,action_recent_reservations,0.0,0.0
810,action_recommendation_page,0.0,0.0
811,action_track_activity,0.0,0.0
812,action_widget,0.0,0.0
813,action_redirect,0.0,0.0
814,action_references,0.0,0.0
815,action_refund_guest_cancellation,0.0,0.0
816,action_requirements,0.0,0.0
817,action_relationship,0.0,0.0
818,action_remove_dashboard_alert,0.0,0.0
819,action_rentals,0.0,0.0
820,action_report,0.0,0.0
821,action_reputation,0.0,0.0
822,action_request_new_confirm_email,0.0,0.0
823,action_request_photography,0.0,0.0
824,action_show_code,0.0,0.0
825,action_update_notifications,0.0,0.0
826,action_reactivate,0.0,0.0
827,action_travel_plans_previous,0.0,0.0
828,action_unread,0.0,0.0
829,action_united-states,0.0,0.0
830,action_sync,0.0,0.0
831,action_trust,0.0,0.0
832,action_tell_a_friend,0.0,0.0
833,action_terms,0.0,0.0
834,action_terms_and_conditions,0.0,0.0
835,action_this_hosting_reviews_3000,0.0,0.0
836,action_update_cached,0.0,0.0
837,action_toggle_archived_thread,0.0,0.0
838,action_toggle_starred_thread,0.0,0.0
839,action_travel,0.0,0.0
840,action_transaction_history_paginated,0.0,0.0
841,action_transaction_history,0.0,0.0
842,action_top_destinations,0.0,0.0
843,action_tos_2014,0.0,0.0
844,action_unsubscribe,0.0,0.0
845,action_supported,0.0,0.0
846,action_update_message,0.0,0.0
847,action_south-america,0.0,0.0
848,action_signup_modal,0.0,0.0
849,action_signup_weibo,0.0,0.0
850,action_signup_weibo_referral,0.0,0.0
851,action_sldf,0.0,0.0
852,action_slideshow,0.0,0.0
853,action_social,0.0,0.0
854,action_social-media,0.0,0.0
855,action_southern-europe,0.0,0.0
856,action_support_phone_numbers,0.0,0.0
857,action_update_hide_from_search_engines,0.0,0.0
858,action_special_offer,0.0,0.0
859,action_update_friends_display,0.0,0.0
860,action_spoken_languages,0.0,0.0
861,action_stpcv,0.0,0.0
862,action_update_country_of_residence,0.0,0.0
863,action_sublets,0.0,0.0
864,action_read_policy_click,0.0,0.0
865,action_recommendations,0.0,0.0
866,action_rate,0.0,0.0
867,language_CA,0.0,0.0
868,action_multi_message,0.0,0.0
869,action_multi_message_attributes,0.0,0.0
870,action_my_listings,0.0,0.0
871,action_my_reservations,0.0,0.0
872,language_NL,0.0,0.0
873,language_FR,0.0,0.0
874,action_new_host,0.0,0.0
875,action_new_session,0.0,0.0
876,device_type_Windows Phone,0.0,0.0
877,action_nyan,0.0,0.0
878,action_office_location,0.0,0.0
879,action_onenight,0.0,0.0
880,device_type_iPodtouch,0.0,0.0
881,action_questions,0.0,0.0
882,action_overview,0.0,0.0
883,action_p4_refund_policy_terms,0.0,0.0
884,action_multi,0.0,0.0
885,action_mobile_oauth_callback,0.0,0.0
886,action_mobile_landing_page,0.0,0.0
887,action_message_to_host_focus,0.0,0.0
888,language_US,0.0,0.0
889,action_life,0.0,0.0
890,action_listing,0.0,0.0
891,action_load_more,0.0,0.0
892,action_locale_from_host,0.0,0.0
893,action_localization_settings,0.0,0.0
894,action_localized,0.0,0.0
895,action_locations,0.0,0.0
896,action_login,0.0,0.0
897,action_login_modal,0.0,0.0
898,action_manage_listing,0.0,0.0
899,action_maybe_information,0.0,0.0
900,action_media_resources,0.0,0.0
901,action_message,0.0,0.0
902,action_message_to_host_change,0.0,0.0
903,action_p4_terms,0.0,0.0
904,action_open_hard_fallback_modal,0.0,0.0
905,action_phone_verification_phone_number_removed,0.0,0.0
906,action_phone_verification,0.0,0.0
907,action_phone_verification_error,0.0,0.0
908,action_phone_verification_modal,0.0,0.0
909,action_patch,0.0,0.0
910,action_phone_verification_success,0.0,0.0
911,action_pricing,0.0,0.0
912,action_photography,0.0,0.0
913,action_photography_update,0.0,0.0
914,action_place_worth,0.0,0.0
915,action_plaxo_cb,0.0,0.0
916,action_popular,0.0,0.0
917,action_popular_listing,0.0,0.0
918,action_preapproval,0.0,0.0
919,action_press_content,0.0,0.0
920,action_press_news,0.0,0.0
921,action_press_release,0.0,0.0
922,action_print_confirmation,0.0,0.0
923,action_phone_verification_call_taking_too_long,0.0,0.0
924,action_payout_delete,0.0,0.0
925,device_type_Opera Phone,0.0,0.0
926,device_type_Chromebook,0.0,0.0
927,action_privacy,0.0,0.0
928,action_pay,0.0,0.0
929,action_zendesk_login_jwt,0.0,0.0
930,action_pending_tickets,0.0,0.0
931,action_payout_update,0.0,0.0
932,action_payout_preferences,0.0,0.0
933,device_type_Linux Desktop,0.0,0.0
934,device_type_Blackberry,0.0,0.0
935,action_qt_with,0.0,0.0
936,action_payoneer_signup_complete,0.0,0.0
937,action_payoneer_account_redirect,0.0,0.0
938,action_wishlists,0.0,0.0
939,action_change_currency,-4.4408920985006264e-17,5.467675132037754e-06
940,action_detail_p4,-1.7749547847056847e-07,1.4214258563433286e-05
941,action_submit_contact,-2.053067430285438e-07,4.106134860570876e-07
942,language_age_group_NDF,-2.4146017247872463e-07,1.1953641460287345e-05
943,action_detail_guest_itinerary,-2.9683159823434836e-07,4.787564461883131e-06
944,action_detail_popular_wishlists,-3.247684145835095e-07,6.495368291115078e-07
945,language_PT,-5.300751575898488e-07,6.761266423195864e-07
946,secs_elapsed_count,-5.804984761326182e-07,3.748474875830753e-06
947,action_detail_read_policy_click,-6.4953682912261e-07,7.955169002478715e-07
948,action_new,-9.432254733265921e-07,5.470213195391738e-06
949,action_agree_terms_check,-1.143458557217869e-06,1.406626057660984e-06
950,action_active,-1.168613766489024e-06,2.08877826990402e-05
951,first_affiliate_tracked_PT,-1.2267667993004494e-06,2.8898229557576297e-06
952,action_detail_your_listings,-1.3118801945877223e-06,2.3620862455289695e-05
953,action_detail_listing_recommendations,-1.623842072806525e-06,0.0
954,action_similar_listings_v2,-1.6928772629043464e-06,4.244527015661913e-06
955,affiliate_channel_CA,-1.7289051405633416e-06,7.766906693632406e-06
956,action_payment_instruments,-1.7290306923323228e-06,3.4580613846646457e-06
957,action_salute,-1.7290306923323228e-06,3.4580613846646457e-06
958,action_detail_notifications,-1.7290306923323228e-06,3.4580613846646457e-06
959,action_detail_listing_reviews,-1.774380351671212e-06,1.1477790490655112e-05
960,first_browser_population_in_thousands_PT,-1.8123389343704943e-06,3.6246778687409886e-06
961,action_set_user,-1.8123389343704943e-06,3.6823631325078396e-06
962,action_detail_wishlist,-1.9343374354052754e-06,6.543861834662398e-06
963,action_jumio_redirect,-2.017645677443447e-06,3.544393076286233e-06
964,action_profile_pic,-2.179066113749961e-06,2.282519525581874e-05
965,action_detail_apply_coupon,-2.401427515730248e-06,3.609863260594116e-05
966,action_dashboard,-2.653641130945239e-06,1.8192055590428912e-05
967,action_detail_change_or_alter,-3.0669169981401012e-06,0.0
968,action_endpoint_error,-3.0669169981401012e-06,0.0
969,action_ajax_google_translate,-3.0669169982067144e-06,9.47029112803107e-06
970,action_faq_category,-3.4580613845980324e-06,1.6034371007551503e-05
971,action_ajax_referral_banner_type,-3.6505584284363124e-06,1.036757501816738e-06
972,action_detail_lookup_message_thread,-3.7164538272627113e-06,7.955169002478715e-07
973,action_detail_at_checkpoint,-4.163949256263955e-06,6.555483093930718e-06
974,device_type_Tablet,-5.187092076974764e-06,6.916122769290433e-06
975,action_detail_instant_book,-5.464702516055908e-06,6.761266422477462e-07
976,action_show,-5.578177457676858e-06,2.126457738241054e-05
977,action_detail_user_social_connections,-5.578236463410491e-06,0.0
978,action_detail_login_page,-5.706288240125979e-06,7.6000390499273255e-06
979,action_signup_login,-6.428128765278984e-06,3.214064382639492e-06
980,device_type_iPhone,-6.705864755995883e-06,1.7336578411284653e-05
981,action_create_multiple,-6.916122769284882e-06,1.02271626255802e-05
982,action_detail_toggle_archived_thread,-6.916122769307087e-06,6.469440461888491e-06
983,action_phone_number_widget,-7.2908276034233666e-06,9.903502472352392e-06
984,action_detail_book_it,-7.343542973914375e-06,1.0558057161033227e-05
985,action_kba,-7.385624127453916e-06,1.7181729050047612e-06
986,device_type_count,-7.46303317400443e-06,3.5253427032083525e-05
987,action_detail_user_profile_content_update,-7.565781987084463e-06,1.7586115948200782e-05
988,language_age_group_NL,-7.61608291679483e-06,5.553961610198978e-06
989,action_detail_login_modal,-8.359929371115626e-06,6.340999280550553e-06
990,action_ajax_photo_widget_form_iframe,-8.645153461661614e-06,0.0
991,language_NDF,-8.83365032320338e-06,3.5653189884480866e-05
992,action_search_results,-1.0922692951664814e-05,2.440825561953512e-05
993,action_detail_oauth_login,-1.1143182654471673e-05,7.258262994813344e-06
994,action_show_personalize,-1.1307384697856194e-05,5.745809565665263e-06
995,device_type_Mac Desktop,-1.1423822641010161e-05,2.696114437968784e-05
996,action_signature,-1.210321484628185e-05,4.235242945770932e-06
997,language_ES,-1.2125220775316414e-05,1.2267667992560405e-06
998,first_browser_NDF,-1.2370674804307313e-05,1.7801148615134133e-05
999,action_detail_payment_instruments,-1.3335912532586036e-05,1.6403025396171777e-05
1000,action_referrer_status,-1.3832245538569764e-05,4.235242945752802e-06
1001,action_ajax_image_upload,-1.467608456464653e-05,1.713077387351292e-06
1002,first_device_type_AU,-1.4800032810469155e-05,0.00011620876587281295
1003,device_type_Android App Unknown Phone/Tablet,-1.5206285273916543e-05,3.335019283560385e-05
1004,action_detail_request_to_book,-1.5561276230879884e-05,6.46944046180541e-06
1005,action_track_page_view,-1.591385590997696e-05,6.147806804057176e-06
1006,action_detail_request_new_confirm_email,-1.607032191304203e-05,8.10502611099426e-06
1007,action_itinerary,-1.634781628911952e-05,3.7006239096093304e-05
1008,action_edit_verification,-1.663581882382914e-05,3.978146386290024e-06
1009,language_GB,-1.7149087262890993e-05,7.24935573744312e-06
1010,action_detail_dashboard,-1.7599364805520602e-05,8.190717522411803e-05
1011,language_IT,-1.983912976371016e-05,1.3244786067326789e-05
1012,action_calendar_tab_inner2,-2.0071635827534352e-05,4.356469932865885e-05
1013,action_ajax_referral_banner_experiment_type,-2.085875297512807e-05,9.360549005098984e-06
1014,action_detail_confirm_email_link,-2.1001683928534298e-05,1.3749085712725749e-05
1015,action_type_data,-2.1118583404744484e-05,4.262217183716221e-05
1016,first_affiliate_tracked_CA,-2.1803438638157146e-05,5.590437427947868e-05
1017,action_detail_contact_host,-2.3673936931167817e-05,2.582260753013693e-05
1018,action_detail_reservations,-2.5319540155654962e-05,5.490753728112312e-06
1019,action_search,-2.592784989625674e-05,1.6185497606710328e-05
1020,language_AU,-2.885114493835772e-05,2.372736780804902e-05
1021,first_brows_device_type_signup_NDF,-2.9480130208803245e-05,1.0437219814576263e-05
1022,action_listings,-3.095944926101435e-05,8.329297969901146e-06
1023,action_count,-3.1093918823654756e-05,3.9119803887339775e-05
1024,action_verify,-3.268970751058031e-05,2.286052749728521e-05
1025,action_detail_profile_references,-3.616081438986285e-05,2.0284535381298157e-05
1026,action_detail_create_user,-3.87177251289339e-05,4.828071753154617e-05
1027,language_age_group_AU,-3.9865535157690425e-05,8.111325350546705e-05
1028,weekday_account_created,-4.07860330831733e-05,5.7478472577008126e-05
1029,first_brows_device_type_signup_DE,-4.1493364760958326e-05,2.4954963344817378e-05
1030,first_brows_device_type_signup_CA,-4.193154473406402e-05,6.62218773777001e-05
1031,first_browser_AU,-4.194473108836139e-05,5.4836333668609305e-05
1032,secs_elapsed_min,-4.5610532696760406e-05,4.554949647397931e-05
1033,action_ask_question,-4.59616204945279e-05,3.5018761447888645e-05
1034,action_my,-4.602594969864704e-05,2.1438431343729568e-05
1035,first_brows_device_type_signup_US,-4.9991097531942866e-05,2.7573575132759893e-05
1036,action_detail_user_wishlists,-6.06165595208985e-05,1.5339635335493166e-05
1037,action_detail_update_user_profile,-7.273441192894304e-05,5.088177997788541e-05
1038,weekday_first_active,-8.831857351985218e-05,8.67652545356133e-05
1039,secs_elapsed_std,-9.073579960876544e-05,9.384244653450524e-05
1040,secs_elapsed_max,-0.00010409846580594628,4.3610280842931644e-05
